"Player","Team","POS","ATT","YDS","TDS","REC","YDS","TDS","FL","FPTS"
" "," ","","",""
"Cooper Kupp","LAR","WR1","4.1","23.9","0.1","121.6","1,591.7","12.4","0.6","357.0"
"Christian McCaffrey","CAR","RB1","238.5","1,058.4","7.5","89.2","759.8","4.1","1.4","337.7"
"Jonathan Taylor","IND","RB2","327.8","1,610.0","14.8","42.3","352.9","2.0","2.3","334.8"
"Austin Ekeler","LAC","RB3","220.7","982.6","9.4","74.5","664.9","5.3","1.5","324.9"
"Justin Jefferson","MIN","WR2","3.1","16.0","0.0","103.4","1,506.8","9.5","0.6","312.1"
"Ja'Marr Chase","CIN","WR3","8.5","49.9","0.2","91.5","1,416.0","10.5","0.6","300.8"
"Derrick Henry","TEN","RB4","374.9","1,681.8","13.1","27.5","216.2","0.9","2.4","296.4"
"Davante Adams","LV","WR4","0.0","0.0","0.0","107.2","1,330.5","9.2","0.5","294.8"
"Stefon Diggs","BUF","WR5","0.2","1.8","0.0","101.9","1,256.0","8.9","0.5","279.9"
"Deebo Samuel","SF","WR6","66.2","375.8","4.7","71.3","1,059.3","6.1","1.1","277.7"
"Travis Kelce","KC","TE1","0.0","0.0","0.0","101.7","1,210.0","9.3","0.5","277.7"
"Najee Harris","PIT","RB5","297.3","1,173.9","7.8","60.7","399.4","2.1","1.6","274.1"
"Joe Mixon","CIN","RB6","286.6","1,202.7","9.8","47.6","346.2","2.6","1.6","273.3"
"Mark Andrews","BAL","TE2","0.0","0.0","0.0","95.8","1,191.7","8.9","0.5","267.5"
"Dalvin Cook","MIN","RB7","276.0","1,248.8","9.9","45.0","336.1","1.5","2.6","266.5"
"CeeDee Lamb","DAL","WR7","5.8","43.8","0.1","91.7","1,245.7","7.7","0.5","266.2"
"Tyreek Hill","MIA","WR8","8.8","62.1","0.3","91.8","1,147.7","8.0","0.5","261.8"
"Aaron Jones","GB","RB8","192.3","914.7","6.1","61.1","500.9","3.9","1.2","260.1"
"Alvin Kamara","NO","RB9","218.9","892.8","7.5","55.6","490.7","3.8","1.2","259.7"
"Leonard Fournette","TB","RB10","222.1","936.0","8.9","60.6","412.8","2.1","1.3","259.0"
"Mike Evans","TB","WR9","0.2","1.4","0.0","82.4","1,136.0","10.1","0.5","255.9"
"D'Andre Swift","DET","RB11","215.4","908.8","6.6","65.4","479.4","2.5","1.9","254.8"
"Tee Higgins","CIN","WR10","0.2","0.8","0.0","85.3","1,193.9","7.8","0.5","250.8"
"Keenan Allen","LAC","WR11","0.4","1.8","0.0","99.6","1,085.7","6.9","0.5","248.5"
"Michael Pittman Jr.","IND","WR12","3.7","29.1","0.0","91.1","1,127.2","6.6","0.6","245.8"
"Saquon Barkley","NYG","RB12","236.6","989.7","6.4","56.5","414.2","2.2","1.5","245.2"
"James Conner","ARI","RB13","227.0","921.8","10.2","43.8","355.8","2.3","1.6","243.5"
"Diontae Johnson","PIT","WR13","4.2","31.9","0.1","95.9","1,059.6","6.1","1.0","240.2"
"Brandin Cooks","HOU","WR14","2.6","18.5","0.1","92.2","1,102.2","6.1","0.5","240.2"
"A.J. Brown","PHI","WR15","0.8","7.4","0.0","77.5","1,133.6","8.1","0.5","239.3"
"Javonte Williams","DEN","RB14","225.7","999.0","7.6","45.7","345.0","2.7","1.7","238.4"
"DJ Moore","CAR","WR16","5.6","37.7","0.1","86.8","1,145.3","5.6","0.6","238.0"
"David Montgomery","CHI","RB15","244.5","986.0","7.7","45.3","350.0","1.9","1.5","233.4"
"Mike Williams","LAC","WR17","0.0","0.2","0.0","74.6","1,097.3","7.9","0.4","231.2"
"Jaylen Waddle","MIA","WR18","3.3","19.1","0.3","89.4","997.8","6.1","0.6","228.7"
"DK Metcalf","SEA","WR19","0.4","2.2","0.0","79.3","1,071.4","6.8","0.6","226.5"
"Amon-Ra St. Brown","DET","WR20","6.6","46.6","0.4","87.5","951.3","6.0","0.5","224.4"
"Nick Chubb","CLE","RB16","247.2","1,224.1","8.7","24.9","201.3","1.0","1.6","222.7"
"Ezekiel Elliott","DAL","RB17","227.6","958.1","7.9","41.0","279.4","2.0","1.8","220.9"
"Terry McLaurin","WAS","WR21","0.4","4.6","0.0","77.9","1,062.7","5.9","0.4","219.0"
"Antonio Gibson","WAS","RB18","236.4","992.3","7.8","37.2","269.1","2.0","2.4","217.6"
"Jerry Jeudy","DEN","WR22","1.2","5.5","0.0","76.5","1,045.2","5.9","0.6","216.4"
"Michael Thomas","NO","WR23","0.2","-0.8","0.0","82.5","959.6","6.3","0.5","215.1"
"Cam Akers","LAR","RB19","240.5","1,043.4","7.1","35.2","283.4","1.6","3.3","213.5"
"Marquise Brown","ARI","WR24","2.0","12.9","0.1","78.0","985.8","5.9","0.6","212.7"
"Travis Etienne Jr.","JAC","RB20","176.3","815.3","5.6","48.8","398.2","2.0","1.7","212.4"
"Darnell Mooney","CHI","WR25","5.0","26.1","0.2","77.4","1,021.9","4.8","0.5","211.7"
"Chris Godwin","TB","WR26","2.2","12.0","0.3","79.8","926.4","6.3","0.9","211.2"
"Courtland Sutton","DEN","WR27","0.2","0.6","0.0","70.4","1,002.4","6.7","0.5","210.2"
"Tyler Lockett","SEA","WR28","2.1","11.8","0.1","75.0","1,009.8","5.6","0.5","210.0"
"Hunter Renfrow","LV","WR29","1.2","5.0","0.0","83.4","889.4","6.3","0.6","209.8"
"Josh Jacobs","LV","RB21","223.1","941.0","8.1","38.1","264.6","0.9","1.9","209.2"
"Amari Cooper","CLE","WR30","0.2","0.6","0.0","76.2","961.7","6.2","0.5","208.5"
"Gabriel Davis","BUF","WR31","0.0","0.0","0.0","61.0","953.6","8.4","0.1","206.8"
"Breece Hall","NYJ","RB22","214.3","938.1","5.9","39.8","315.1","1.6","2.0","206.5"
"Adam Thielen","MIN","WR32","0.4","1.2","0.0","74.0","840.8","7.9","0.5","204.3"
"J.K. Dobbins","BAL","RB23","194.2","941.1","8.2","31.4","228.7","1.3","1.0","203.6"
"Elijah Moore","NYJ","WR33","6.2","50.8","0.5","70.0","904.3","5.8","0.5","202.4"
"Kyle Pitts","ATL","TE3","0.0","0.0","0.0","74.0","1,008.9","4.7","0.5","202.1"
"Allen Robinson II","LAR","WR34","0.0","0.0","0.0","75.3","913.1","6.0","0.5","201.7"
"JuJu Smith-Schuster","KC","WR35","2.3","11.5","0.5","76.3","835.7","6.4","0.5","200.8"
"Elijah Mitchell","SF","RB24","241.5","1,042.4","7.4","26.1","197.0","1.3","1.2","199.8"
"Darren Waller","LV","TE4","0.0","0.0","0.0","77.5","928.8","5.0","0.5","199.7"
"Miles Sanders","PHI","RB25","207.9","1,058.0","5.7","32.1","230.0","1.1","2.0","198.1"
"Robert Woods","TEN","WR36","8.9","61.0","0.7","72.8","861.5","5.0","0.5","197.9"
"Rashod Bateman","BAL","WR37","0.2","2.2","0.0","73.8","932.3","5.0","0.5","196.4"
"Dalton Schultz","DAL","TE5","0.0","0.0","0.0","77.5","805.6","6.2","0.4","194.1"
"George Kittle","SF","TE6","0.0","0.0","0.0","72.7","889.3","5.4","0.5","193.1"
"Cordarrelle Patterson","ATL","RB26","144.0","630.6","4.7","44.6","411.2","2.8","0.9","192.4"
"Tony Pollard","DAL","RB27","154.4","738.4","3.8","44.2","361.6","1.9","0.9","186.4"
"Drake London","ATL","WR38","0.8","4.2","0.0","67.6","897.7","4.8","1.2","184.4"
"Christian Kirk","JAC","WR39","0.8","6.2","0.0","70.6","863.6","4.6","0.5","184.2"
"Damien Harris","NE","RB28","212.8","961.8","9.9","16.6","125.7","0.3","1.4","183.9"
"Chase Claypool","PIT","WR40","8.7","52.6","0.2","64.2","860.2","4.6","0.5","183.4"
"DeVonta Smith","PHI","WR41","0.0","0.0","0.0","62.9","862.5","5.6","0.5","181.8"
"Devin Singletary","BUF","RB29","183.3","846.3","6.0","33.2","222.3","1.3","1.3","181.5"
"AJ Dillon","GB","RB30","178.3","772.6","6.2","31.7","261.1","1.5","1.2","178.9"
"Treylon Burks","TEN","WR42","4.0","25.8","0.3","59.6","862.9","5.2","1.2","178.7"
"Jakobi Meyers","NE","WR43","0.4","2.8","0.0","72.4","815.6","3.7","0.5","175.6"
"Rashaad Penny","SEA","RB31","189.6","975.7","6.7","19.6","147.8","0.6","1.2","173.1"
"Brandon Aiyuk","SF","WR44","2.9","17.2","0.0","60.1","814.4","5.1","0.5","173.0"
"Dallas Goedert","PHI","TE7","0.0","0.0","0.0","63.5","794.4","5.0","0.5","172.1"
"Allen Lazard","GB","WR45","1.4","11.9","0.0","55.3","743.8","6.6","0.4","169.7"
"Kareem Hunt","CLE","RB32","134.1","571.8","4.8","41.5","316.7","1.9","0.8","169.3"
"Chase Edmonds","MIA","RB33","141.8","625.4","3.4","45.0","322.6","1.6","0.9","168.2"
"Clyde Edwards-Helaire","KC","RB34","176.0","709.3","4.9","33.8","249.1","1.8","1.1","167.9"
"T.J. Hockenson","DET","TE8","0.0","0.0","0.0","67.6","693.5","5.1","0.4","166.9"
"Mecole Hardman","KC","WR46","8.4","59.0","0.4","58.5","737.4","4.6","1.0","166.5"
"Kadarius Toney","NYG","WR47","8.8","60.8","0.1","63.0","732.6","3.8","0.5","164.7"
"Tyler Boyd","CIN","WR48","2.7","19.0","0.0","63.9","739.4","4.2","0.5","164.2"
"DeAndre Hopkins","ARI","WR49","0.0","0.4","0.0","58.3","737.2","5.4","0.5","163.5"
"Jarvis Landry","NO","WR50","3.0","16.9","0.3","60.2","733.4","4.3","0.6","161.2"
"Kenny Golladay","NYG","WR51","0.0","0.0","0.0","55.5","786.6","4.5","0.4","160.0"
"Zach Ertz","ARI","TE9","0.0","0.0","0.0","64.6","662.2","4.8","0.4","158.6"
"DeVante Parker","NE","WR52","0.0","0.0","0.0","56.1","749.0","4.7","0.4","158.3"
"Michael Gallup","DAL","WR53","2.0","14.2","0.0","52.7","742.8","4.9","0.4","157.2"
"Russell Gage","TB","WR54","0.2","0.8","0.0","60.3","689.8","4.8","0.9","156.4"
"Rhamondre Stevenson","NE","RB35","169.6","705.2","6.2","25.9","198.6","0.8","1.0","156.3"
"Robbie Anderson","CAR","WR55","3.7","24.6","0.1","57.7","680.4","4.7","0.4","156.0"
"Melvin Gordon III","DEN","RB36","153.9","698.9","6.2","24.2","183.3","1.3","1.9","153.8"
"Garrett Wilson","NYJ","WR56","1.8","13.2","0.0","54.3","745.4","4.2","1.2","152.9"
"Chris Olave","NO","WR57","0.4","2.2","0.0","51.3","738.1","4.7","0.7","152.4"
"Marquez Valdes-Scantling","KC","WR58","0.6","3.2","0.0","47.8","745.3","4.9","0.1","152.0"
"Mike Gesicki","MIA","TE10","0.0","0.0","0.0","61.5","670.8","4.0","0.4","152.0"
"Marvin Jones Jr.","JAC","WR59","0.0","0.0","0.0","56.4","677.3","4.6","0.4","151.2"
"Hunter Henry","NE","TE11","0.0","0.0","0.0","53.2","610.5","6.0","0.1","150.1"
"Jalen Tolbert","DAL","WR60","0.4","2.4","0.0","52.7","697.0","4.7","0.7","149.6"
"Pat Freiermuth","PIT","TE12","0.0","0.0","0.0","63.0","583.8","4.8","0.5","149.2"
"Noah Fant","SEA","TE13","0.0","0.0","0.0","60.7","653.6","3.8","0.4","148.2"
"Dawson Knox","BUF","TE14","0.0","0.0","0.0","49.5","598.5","6.2","0.1","146.1"
"Tyler Higbee","LAR","TE15","0.0","0.0","0.0","59.2","595.5","4.7","0.4","145.9"
"Cole Kmet","CHI","TE16","0.0","0.0","0.0","60.7","631.0","3.7","0.5","145.1"
"DJ Chark Jr.","DET","WR61","0.2","1.6","0.0","46.7","659.1","4.6","0.1","140.1"
"James Cook","BUF","RB37","109.9","505.3","3.9","30.9","249.2","1.8","1.3","138.4"
"Nico Collins","HOU","WR62","0.0","0.0","0.0","51.9","677.4","3.3","0.5","138.3"
"Gerald Everett","LAC","TE17","0.0","0.0","0.0","55.0","567.1","4.5","0.9","137.2"
"Jahan Dotson","WAS","WR63","0.4","2.2","0.0","50.6","666.7","3.6","1.2","137.0"
"Skyy Moore","KC","WR64","0.4","2.4","0.0","46.8","641.2","4.6","1.2","136.7"
"David Njoku","CLE","TE18","0.0","0.0","0.0","52.2","586.5","4.4","0.4","136.2"
"Corey Davis","NYJ","WR65","0.0","0.0","0.0","46.8","658.8","4.0","0.5","135.9"
"James Robinson","JAC","RB38","151.2","619.2","5.1","23.3","174.1","0.7","1.2","135.1"
"Van Jefferson","LAR","WR66","1.9","15.0","0.0","45.7","628.7","3.9","0.1","133.5"
"Irv Smith Jr.","MIN","TE19","0.0","0.0","0.0","50.4","557.1","4.5","0.1","132.8"
"Michael Carter","NYJ","RB39","127.1","527.0","3.0","30.8","260.9","1.0","0.8","132.3"
"Julio Jones","TB","WR67","0.0","0.0","0.0","47.6","632.6","3.7","0.4","131.9"
"Ken Walker III","SEA","RB40","161.9","704.7","4.8","18.6","142.1","0.5","1.8","131.4"
"K.J. Osborn","MIN","WR68","0.2","2.0","0.0","45.5","579.0","4.6","0.4","130.1"
"Logan Thomas","WAS","TE20","0.0","0.0","0.0","50.1","524.9","4.7","0.4","129.7"
"Curtis Samuel","WAS","WR69","16.6","91.8","0.8","44.3","502.1","3.4","0.5","128.2"
"Rondale Moore","ARI","WR70","17.3","99.6","0.6","50.5","489.0","2.6","0.6","127.5"
"Evan Engram","JAC","TE21","0.0","0.0","0.0","52.8","542.2","3.5","0.4","127.4"
"Joshua Palmer","LAC","WR71","0.0","0.0","0.0","46.9","550.8","4.1","0.2","125.9"
"Donovan Peoples-Jones","CLE","WR72","0.0","0.0","0.0","42.3","635.2","3.5","0.4","125.8"
"J.D. McKissic","WAS","RB41","52.6","227.6","1.5","47.3","372.5","1.8","0.5","125.8"
"Sterling Shepard","NYG","WR73","1.0","4.4","0.0","53.5","552.3","2.9","0.4","125.5"
"Albert Okwuegbunam","DEN","TE22","0.0","0.0","0.0","48.8","502.4","4.6","0.8","125.3"
"Marlon Mack","HOU","RB42","148.0","686.4","4.4","16.7","122.3","0.5","1.0","125.1"
"Robert Tonyan","GB","TE23","0.0","0.0","0.0","45.7","519.6","4.5","0.1","124.6"
"Parris Campbell","IND","WR74","1.0","8.0","0.0","45.9","567.7","3.5","0.1","124.4"
"Nyheim Hines","IND","RB43","70.2","278.1","1.8","43.9","343.9","1.8","1.6","124.3"
"Austin Hooper","TEN","TE24","0.0","0.0","0.0","50.9","497.5","4.0","0.4","124.1"
"George Pickens","PIT","WR75","0.4","1.8","0.0","48.1","592.2","3.1","1.2","123.9"
"Darrell Henderson Jr.","LAR","RB44","125.9","518.9","3.9","22.9","179.4","1.4","0.7","123.0"
"Randall Cobb","GB","WR76","0.8","3.0","0.0","42.9","549.0","4.2","0.5","122.2"
"Christian Watson","GB","WR77","1.2","7.1","0.0","41.8","595.0","3.7","1.2","122.0"
"Kendrick Bourne","NE","WR78","6.4","48.4","0.1","41.5","532.6","3.7","0.5","121.9"
"Jamison Crowder","BUF","WR79","2.1","13.2","0.0","47.8","509.5","3.6","0.5","120.5"
"Jamaal Williams","DET","RB45","139.4","574.5","3.5","23.0","151.1","0.8","0.8","120.0"
"Kenneth Gainwell","PHI","RB46","88.1","368.2","3.8","29.0","231.8","1.3","1.1","117.5"
"Isaiah Spiller","LAC","RB47","107.9","458.6","3.4","25.1","202.1","1.4","1.3","117.4"
"Dameon Pierce","HOU","RB48","130.4","518.5","3.5","22.8","176.7","0.8","1.8","114.5"
"Mark Ingram II","NO","RB49","124.6","529.1","3.7","20.7","155.2","0.7","1.0","113.4"
"Laviska Shenault Jr.","JAC","WR80","10.9","53.1","0.3","43.8","462.6","2.8","0.4","113.2"
"Alexander Mattison","MIN","RB50","115.2","470.5","2.9","25.6","192.4","1.0","0.9","113.2"
"Raheem Mostert","MIA","RB51","116.8","581.1","3.9","15.6","124.2","0.9","1.4","112.1"
"Nick Westbrook-Ikhine","TEN","WR81","0.0","0.0","0.0","39.9","500.4","3.6","0.5","110.5"
"Ronald Jones II","KC","RB52","130.5","539.8","4.9","15.2","102.7","0.5","1.1","110.1"
"Jameson Williams","DET","WR82","0.4","2.2","0.0","39.3","540.2","3.1","1.1","110.0"
"Hayden Hurst","CIN","TE25","0.0","0.0","0.0","42.0","441.5","4.0","0.5","109.1"
"Alec Pierce","IND","WR83","0.0","0.0","0.0","37.3","506.3","3.5","0.3","108.3"
"Rex Burkhead","HOU","RB53","77.0","353.1","2.6","28.8","229.6","1.1","0.5","108.2"
"Devin Duvernay","BAL","WR84","4.9","34.0","0.1","41.1","465.3","2.6","0.2","107.0"
"KJ Hamler","DEN","WR85","3.1","20.4","0.0","37.9","493.5","3.0","0.4","106.2"
"A.J. Green","ARI","WR86","0.0","0.0","0.0","36.4","521.7","2.8","0.1","104.9"
"Bryan Edwards","ATL","WR87","0.2","1.4","0.0","35.9","528.7","2.6","0.1","104.4"
"Tyler Allgeier","ATL","RB54","130.4","529.9","2.9","18.7","145.7","0.6","1.7","104.1"
"Gus Edwards","BAL","RB55","135.0","599.7","4.2","10.2","86.7","0.3","0.8","104.1"
"Rachaad White","TB","RB56","98.9","401.5","3.8","20.7","168.8","1.0","1.2","103.9"
"Byron Pringle","CHI","WR88","0.0","0.0","0.0","38.4","485.4","2.8","0.2","103.6"
"Jerick McKinnon","KC","RB57","33.7","258.8","1.6","32.4","261.0","1.6","0.4","103.0"
"Cedrick Wilson Jr.","MIA","WR89","0.6","1.6","0.0","38.0","455.3","3.1","0.5","101.0"
"Brevin Jordan","HOU","TE26","0.0","0.0","0.0","41.0","414.9","2.9","0.1","99.6"
"James White","NE","RB58","25.5","126.9","0.8","39.4","310.9","1.6","0.1","97.5"
"Kenyan Drake","LV","RB59","79.8","322.3","2.5","26.1","197.9","0.9","0.6","97.3"
"Sammy Watkins","GB","WR90","0.6","3.5","0.0","34.8","464.9","2.6","0.4","96.7"
"Mo Alie-Cox","IND","TE27","0.0","0.0","0.0","34.8","420.6","3.2","0.1","96.0"
"C.J. Uzomah","NYJ","TE28","0.0","0.0","0.0","39.0","385.0","2.8","0.1","94.0"
"Wan'Dale Robinson","NYG","WR91","5.7","32.5","0.1","36.2","411.5","2.1","0.3","93.2"
"James Washington","DAL","WR92","0.4","2.2","0.0","28.9","428.4","3.5","0.1","92.7"
"Darrel Williams","ARI","RB60","84.5","315.5","2.8","21.5","179.3","0.8","0.8","90.9"
"Braxton Berrios","NYJ","WR93","5.2","31.4","0.9","35.2","354.5","2.0","0.5","90.3"
"Adam Trautman","NO","TE29","0.0","0.0","0.0","36.1","374.5","2.8","0.4","89.8"
"Kyle Rudolph","TB","TE30","0.0","0.0","0.0","33.9","339.0","3.3","0.1","87.7"
"Velus Jones Jr.","CHI","WR94","1.0","6.3","0.0","31.6","406.9","2.5","0.3","87.2"
"Chris Conley","HOU","WR95","0.0","0.0","0.0","33.2","404.3","2.1","0.2","85.7"
"Cameron Brate","TB","TE31","0.0","0.0","0.0","34.3","317.4","3.1","0.1","84.5"
"Zay Jones","JAC","WR96","0.0","0.0","0.0","31.2","389.4","2.3","0.1","83.8"
"Khalil Herbert","CHI","RB61","105.3","395.9","2.4","15.7","119.4","0.5","0.8","83.2"
"Olamide Zaccheaus","ATL","WR97","0.4","1.8","0.0","29.7","385.9","2.2","0.1","81.3"
"Paul Quessenberry","HOU","TE32","0.0","0.0","0.0","37.0","334.0","2.0","1.0","80.4"
"Nelson Agholor","NE","WR98","1.5","7.5","0.0","27.9","378.9","2.3","0.1","80.4"
"Terrace Marshall Jr.","CAR","WR99","0.0","0.0","0.0","29.6","367.5","2.3","0.1","79.9"
"Damien Williams","ATL","RB62","78.4","287.2","2.0","20.5","150.6","0.8","0.9","79.4"
"Brian Robinson Jr.","WAS","RB63","95.3","404.5","3.1","11.4","85.1","0.4","1.2","79.0"
"Dontrell Hilliard","TEN","RB64","45.2","233.1","1.5","25.7","179.5","0.6","1.0","77.7"
"Jauan Jennings","SF","WR100","0.0","0.0","0.0","28.6","324.1","2.6","0.1","76.6"
"Jeremiah Hall","NYG","RB65","0.0","0.0","0.0","35.0","308.0","2.0","1.0","75.8"
"Amari Rodgers","GB","WR101","1.5","9.2","0.0","26.5","345.7","2.3","0.4","74.9"
"Jonnu Smith","NE","TE33","0.0","0.0","0.0","29.2","312.4","2.4","0.1","74.4"
"David Bell","CLE","WR102","1.2","8.8","0.0","27.2","343.3","1.9","0.6","72.6"
"Isaiah McKenzie","BUF","WR103","9.0","55.2","0.3","27.1","268.0","1.9","0.2","72.4"
"Harrison Bryant","CLE","TE34","0.0","0.0","0.0","28.2","298.1","2.4","0.4","71.8"
"Dan Arnold","JAC","TE35","0.0","0.0","0.0","27.9","328.9","1.9","0.5","71.5"
"Quez Watkins","PHI","WR104","0.0","0.0","0.0","25.4","352.1","1.8","0.0","71.5"
"Tyler Conklin","NYJ","TE36","0.0","0.0","0.0","30.6","294.8","1.8","0.0","70.9"
"Zamir White","LV","RB66","76.7","325.3","2.9","10.7","93.5","0.4","1.2","69.9"
"Samaje Perine","CIN","RB67","65.7","279.8","1.4","18.0","123.2","0.6","0.6","69.4"
"Tommy Tremble","CAR","TE37","0.0","0.0","0.0","27.6","281.8","2.2","0.1","68.5"
"D'Onta Foreman","CAR","RB68","82.5","392.9","2.4","7.7","70.4","0.2","0.9","68.2"
"Sony Michel","MIA","RB69","100.4","383.6","2.5","8.9","57.6","0.1","0.5","67.9"
"Jalen Guyton","LAC","WR105","4.4","25.9","0.1","21.5","311.9","2.0","0.1","67.7"
"Dee Eskridge","SEA","WR106","4.3","29.1","0.1","24.2","311.7","1.5","0.3","67.3"
"James Proche II","BAL","WR107","0.0","0.0","0.0","25.7","307.2","1.8","0.1","67.0"
"Freddie Swain","SEA","WR108","0.5","3.0","0.0","25.3","303.1","1.8","0.1","66.7"
"Ricky Seals-Jones","NYG","TE38","0.0","0.0","0.0","27.5","265.5","2.1","0.0","66.4"
"Foster Moreau","LV","TE39","0.0","0.0","0.0","24.4","273.3","2.3","0.0","65.6"
"Matt Breida","NYG","RB70","76.0","317.4","1.5","13.0","100.7","0.7","1.5","65.3"
"Romeo Doubs","GB","WR109","0.0","0.0","0.0","23.6","287.3","2.2","0.1","65.1"
"Demarcus Robinson","LV","WR110","0.0","0.0","0.0","24.3","282.3","2.0","0.1","64.5"
"Geoff Swaim","TEN","TE40","0.0","0.0","0.0","26.4","233.5","2.3","0.0","63.5"
"Darius Slayton","NYG","WR111","0.2","-2.2","0.0","22.8","306.4","1.6","0.4","62.0"
"Boston Scott","PHI","RB71","65.8","287.8","2.9","8.5","64.0","0.2","0.2","61.9"
"O.J. Howard","BUF","TE41","0.0","0.0","0.0","22.8","258.4","2.2","0.1","61.5"
"Noah Brown","DAL","WR112","0.0","0.3","0.0","23.6","271.3","1.7","0.0","61.1"
"Kyle Juszczyk","SF","RB72","12.2","39.2","0.6","24.4","198.8","1.2","0.1","59.2"
"Keelan Cole Sr.","LV","WR113","0.2","0.2","0.0","19.6","278.7","1.7","0.0","57.7"
"Tyrion Davis-Price","SF","RB73","59.8","248.8","2.0","11.0","101.3","0.3","1.1","57.5"
"James O'Shaughnessy","CHI","TE42","0.0","0.0","0.0","23.7","258.8","1.3","0.0","57.1"
"Jelani Woods","IND","TE43","0.0","0.0","0.0","21.6","229.0","2.0","0.5","55.6"
"Donald Parham Jr.","LAC","TE44","0.0","0.0","0.0","20.5","214.2","2.1","0.0","54.4"
"Marquez Callaway","NO","WR114","1.8","10.6","0.1","17.3","254.5","1.7","0.0","54.4"
"Chuba Hubbard","CAR","RB74","53.9","209.5","1.5","13.1","90.6","0.5","0.5","54.1"
"Pharaoh Brown","HOU","TE45","0.0","0.0","0.0","24.4","230.6","1.2","0.4","54.1"
"Anthony Firkser","ATL","TE46","0.0","0.0","0.0","22.6","223.5","1.3","0.4","52.1"
"Hassan Haskins","TEN","RB75","63.6","274.2","1.6","8.0","63.7","0.4","1.1","51.4"
"Phillip Dorsett II","HOU","WR115","0.5","3.3","0.0","19.4","239.9","1.1","0.1","50.3"
"Durham Smythe","MIA","TE47","0.0","0.0","0.0","21.4","215.6","1.2","0.0","49.9"
"Trey McBride","ARI","TE48","0.0","0.0","0.0","19.9","207.5","1.7","0.5","49.7"
"Cade Otton","TB","TE49","0.0","0.0","0.0","19.7","206.3","1.7","0.5","49.7"
"Rashard Higgins","CAR","WR116","0.3","2.7","0.0","17.4","233.6","1.2","0.1","48.3"
"Taysom Hill","NO","QB1","0.0","0.0","0.0","17.3","189.0","2.3","1.0","48.2"
"Ameer Abdullah","LV","RB76","17.0","111.9","0.5","17.4","139.5","0.6","0.4","48.0"
"Greg Dulcich","DEN","TE50","0.0","0.0","0.0","18.6","201.6","1.5","0.1","47.6"
"Jordan Akins","NYG","TE51","0.0","0.0","0.0","20.8","202.5","1.1","0.4","47.1"
"Josiah Deguara","GB","TE52","0.0","0.0","0.0","18.4","194.7","1.5","0.0","47.1"
"Kylen Granson","IND","TE53","0.0","0.0","0.0","18.4","206.1","1.4","0.1","46.9"
"Chris Evans","CIN","RB77","27.3","107.4","0.6","16.2","117.5","0.8","0.1","46.9"
"Josh Reynolds","DET","WR117","0.0","0.0","0.0","15.7","218.4","1.5","0.1","46.4"
"Keke Coutee","IND","WR118","0.0","0.0","0.0","17.8","204.4","1.3","0.0","45.9"
"Anthony Schwartz","CLE","WR119","1.1","6.8","0.0","16.0","210.6","1.4","0.2","45.9"
"D'Ernest Johnson","CLE","RB78","33.8","197.8","1.4","8.9","70.1","0.2","0.1","45.0"
"Jaylon Moore","BAL","WR120","0.0","0.0","0.0","16.8","202.8","1.3","0.0","44.9"
"Andrew Beck","DEN","TE54","4.7","18.9","0.2","16.2","164.1","1.5","0.0","44.5"
"Tylan Wallace","BAL","WR121","0.0","0.0","0.0","15.8","203.9","1.3","0.1","43.9"
"Justin Jackson","DET","RB79","26.8","167.2","1.2","9.8","78.0","0.4","0.2","43.5"
"Laquon Treadwell","JAC","WR122","0.0","0.0","0.0","15.4","206.3","1.3","0.0","43.5"
"John Bates","WAS","TE55","0.0","0.0","0.0","16.9","189.1","1.2","0.0","43.2"
"Ian Thomas","CAR","TE56","0.0","0.0","0.0","18.6","182.7","1.0","0.1","42.7"
"Ryan Nall","DAL","RB80","109.0","176.1","1.1","8.6","64.6","0.7","0.5","42.4"
"Calvin Austin III","PIT","WR123","0.0","0.0","0.0","16.3","195.4","1.1","0.1","42.2"
"Ke'Shawn Vaughn","TB","RB81","47.2","194.5","2.0","6.8","45.2","0.1","0.7","42.0"
"Ben Skowronek","LAR","WR124","0.0","0.0","0.0","14.9","183.4","1.3","0.0","41.2"
"Quintez Cephus","DET","WR125","0.0","0.0","0.0","13.2","178.8","1.6","0.0","40.6"
"Brandon Bolden","LV","RB82","23.9","103.1","0.5","14.3","127.8","0.3","1.0","40.4"
"Will Dissly","SEA","TE57","0.0","0.0","0.0","17.0","176.5","0.9","0.1","40.1"
"Marcedes Lewis","GB","TE58","0.0","0.0","0.0","16.5","169.0","1.2","0.4","40.0"
"Craig Reynolds","DET","RB83","36.6","163.0","0.6","10.4","79.4","0.4","0.5","39.8"
"Jeff Wilson Jr.","SF","RB84","32.7","128.8","1.2","9.7","73.1","0.5","0.3","39.2"
"Giovani Bernard","TB","RB85","16.1","102.1","0.6","12.5","94.7","0.6","0.2","39.0"
"Phillip Lindsay","IND","RB86","45.1","228.0","1.5","3.9","29.1","0.1","0.1","39.0"
"Kendall Blanton","LAR","TE59","0.0","0.0","0.0","15.3","161.1","1.4","0.5","38.7"
"Cam Sims","WAS","WR126","0.0","0.0","0.0","13.4","185.9","1.1","0.0","38.4"
"Charlie Kolar","BAL","TE60","0.0","0.0","0.0","13.9","160.8","1.3","0.0","37.9"
"Eno Benjamin","ARI","RB87","37.6","173.2","1.3","6.7","53.0","0.2","0.2","37.6"
"Jamal Agnew","JAC","WR127","8.6","56.3","0.4","12.0","135.9","0.7","0.1","37.5"
"Chester Rogers","HOU","WR128","0.0","0.0","0.0","15.3","170.7","0.8","0.0","37.2"
"Daniel Bellinger","NYG","TE61","0.0","0.0","0.0","15.4","166.5","0.8","0.2","36.8"
"Montrell Washington","DEN","WR129","0.0","0.0","0.0","13.0","174.0","1.0","0.0","36.4"
"Chris Moore","HOU","WR130","0.0","0.0","0.0","15.2","165.4","0.8","0.1","36.2"
"Damiere Byrd","ATL","WR131","0.0","0.0","0.0","14.1","167.9","0.8","0.1","35.8"
"Tevin Coleman","NYJ","RB88","24.9","171.4","0.9","8.1","54.8","0.1","0.3","35.8"
"Dez Fitzpatrick","TEN","WR132","0.0","0.0","0.0","12.8","171.5","0.9","0.0","35.6"
"Travis Homer","SEA","RB89","15.9","97.7","0.5","10.8","91.4","0.4","0.1","35.4"
"Equanimeous St. Brown","CHI","WR133","0.0","0.0","0.0","12.6","175.8","0.9","0.1","35.3"
"Nick Boyle","BAL","TE62","0.0","0.0","0.0","14.1","131.9","1.3","0.0","35.1"
"Zach Davidson","MIN","TE63","0.0","0.0","0.0","14.0","148.0","1.0","0.0","34.8"
"Dyami Brown","WAS","WR134","0.0","0.0","0.0","11.7","180.5","0.9","0.0","34.8"
"Mike Davis","BAL","RB90","24.9","135.9","0.8","9.7","61.7","0.2","0.5","34.3"
"Maxx Williams","ARI","TE64","0.0","0.0","0.0","14.3","153.5","0.7","0.0","33.9"
"Kalif Raymond","DET","WR135","0.7","4.2","0.0","12.5","150.5","1.0","0.0","33.9"
"Jaret Patterson","WAS","RB91","33.2","164.1","1.3","6.2","41.8","0.1","0.8","33.8"
"Matt Bushman","KC","TE65","0.0","0.0","0.0","14.0","136.0","1.0","0.0","33.6"
"Simi Fehoko","DAL","WR136","0.0","0.0","0.0","12.0","155.0","1.0","0.0","33.5"
"Zach Pascal","PHI","WR137","0.3","1.8","0.0","11.6","147.2","1.1","0.0","33.1"
"Anthony Miller","PIT","WR138","0.0","0.0","0.0","12.7","151.5","0.8","0.0","32.4"
"Benny Snell Jr.","PIT","RB92","41.6","166.6","1.0","5.4","36.8","0.1","0.2","32.0"
"Jake Ferguson","DAL","TE66","0.0","0.0","0.0","13.1","136.3","0.9","0.0","31.9"
"Erik Ezukanma","MIA","WR139","0.0","0.0","0.0","10.9","149.1","1.0","0.1","31.6"
"Jacob Harris","LAR","TE67","0.0","0.0","0.0","12.0","132.0","1.0","0.0","31.2"
"Ray-Ray McCloud","SF","WR140","0.0","0.0","0.0","12.4","139.8","0.8","0.0","31.1"
"Duke Johnson Jr.","BUF","RB93","27.0","122.7","0.9","6.7","61.1","0.2","0.5","30.8"
"Ryan Griffin","CHI","TE68","0.0","0.0","0.0","12.5","122.9","1.0","0.0","30.5"
"Nick Eubanks","CIN","TE69","0.0","0.0","0.0","12.0","125.0","1.0","0.0","30.5"
"Ihmir Smith-Marsette","MIN","WR141","0.0","0.0","0.0","11.4","141.6","0.8","0.1","30.4"
"Shaun Beyer","MIN","TE70","0.0","0.0","0.0","12.0","122.0","1.0","0.0","30.2"
"Alize Mack","GB","TE71","0.0","0.0","0.0","12.0","122.0","1.0","0.0","30.2"
"Cody Hollister","TEN","WR142","0.0","0.0","0.0","11.3","133.3","0.9","0.0","30.1"
"Antoine Wesley","ARI","WR143","0.0","0.0","0.0","11.0","135.5","0.9","0.0","29.8"
"Tyler Kroft","SF","TE72","0.0","0.0","0.0","11.6","127.0","0.9","0.0","29.5"
"Zack Moss","BUF","RB94","30.2","136.5","1.0","4.7","34.4","0.2","0.1","28.8"
"Lynn Bowden Jr.","MIA","WR144","2.3","14.3","0.1","11.4","117.5","0.6","0.0","28.8"
"Zach Gentry","PIT","TE73","0.0","0.0","0.0","12.0","112.4","0.9","0.0","28.4"
"Anthony McFarland Jr.","PIT","RB95","20.9","119.0","0.7","5.6","40.8","0.4","0.1","28.3"
"Drew Sample","CIN","TE74","0.0","0.0","0.0","11.6","113.2","0.9","0.0","28.3"
"DeeJay Dallas","SEA","RB96","17.6","70.7","0.5","10.1","64.9","0.4","0.2","28.2"
"Breshad Perriman","TB","WR145","0.0","0.0","0.0","9.2","131.8","0.9","0.0","27.9"
"Joshua Kelley","LAC","RB97","17.4","130.1","0.8","5.8","43.2","0.2","0.8","27.5"
"Jermar Jefferson","DET","RB98","26.9","114.0","1.3","4.8","32.5","0.0","0.0","27.4"
"Noah Gray","KC","TE75","0.0","0.0","0.0","11.1","106.0","1.0","0.0","27.4"
"Connor Heyward","PIT","TE76","0.0","0.0","0.0","11.5","116.1","0.7","0.1","27.4"
"Myles Gaskin","MIA","RB99","22.8","107.9","0.6","7.6","47.5","0.1","0.1","27.2"
"Ja'Marcus Bradley","CLE","WR146","0.0","0.0","0.0","10.1","129.5","0.7","0.0","27.1"
"Kenny Yeboah","NYJ","TE77","0.0","0.0","0.0","10.5","112.2","0.9","0.0","27.1"
"Pierre Strong Jr.","NE","RB100","18.8","80.2","0.8","7.1","55.6","0.2","0.1","26.5"
"Rysen John","CHI","WR147","0.0","0.0","0.0","10.0","98.0","1.0","0.0","25.8"
"Brock Wright","DET","TE78","0.0","0.0","0.0","9.9","94.6","1.0","0.0","25.1"
"J.J. Taylor","NE","RB101","22.4","110.1","1.3","3.2","19.4","0.1","0.1","24.7"
"Brandon Zylstra","CAR","WR148","0.0","0.0","0.0","9.4","119.0","0.6","0.1","24.7"
"Patrick Ricard","BAL","RB102","2.7","7.0","0.1","11.2","76.0","0.8","0.0","24.6"
"Tutu Atwell","LAR","WR149","0.0","0.0","0.0","8.8","112.2","0.8","0.1","24.4"
"Demetric Felton Jr.","CLE","RB103","3.6","25.2","0.1","9.4","82.8","0.6","0.0","24.2"
"Justice Hill","BAL","RB104","22.1","88.8","0.7","5.9","41.7","0.1","0.0","24.2"
"Royce Freeman","HOU","RB105","15.1","61.9","0.4","8.5","55.6","0.3","0.0","24.1"
"Blake Bell","KC","TE79","0.0","0.0","0.0","9.8","92.4","0.8","0.0","23.9"
"Gary Brightwell","NYG","RB106","22.7","87.1","0.7","5.9","44.9","0.1","0.1","23.7"
"Ashton Dulin","IND","WR150","1.2","7.5","0.1","8.1","107.2","0.6","0.1","23.5"
"Luke Farrell","JAC","TE80","0.0","0.0","0.0","9.8","90.5","0.8","0.0","23.5"
"Trent Sherfield","MIA","WR151","0.0","0.0","0.0","8.7","109.9","0.6","0.0","23.4"
"Trey Sermon","SF","RB107","20.5","84.2","0.9","5.5","36.9","0.1","0.0","23.3"
"Josh Oliver","BAL","TE81","0.0","0.0","0.0","9.3","90.2","0.8","0.0","23.3"
"Dare Ogunbowale","HOU","RB108","13.0","51.8","0.2","8.8","67.3","0.2","0.1","23.0"
"Ty Montgomery","NE","RB109","9.7","56.9","0.5","6.2","64.8","0.3","0.0","22.9"
"Tyquan Thornton","NE","WR152","0.0","0.0","0.0","8.7","102.5","0.7","0.1","22.7"
"Ko Kieft","TB","TE82","0.0","0.0","0.0","9.2","91.8","0.7","0.0","22.5"
"Albert Wilson","MIN","WR153","4.4","27.7","0.2","7.5","77.2","0.5","0.0","22.5"
"Tony Jones Jr.","NO","RB110","28.3","108.8","0.5","4.9","36.1","0.1","0.1","22.5"
"Tyler Johnson","TB","WR154","0.0","0.0","0.0","8.8","101.1","0.6","0.0","22.4"
"C.J. Ham","MIN","RB111","5.4","15.3","0.1","9.8","70.5","0.4","0.0","21.5"
"Nick Vannett","NO","TE83","0.0","0.0","0.0","7.8","86.0","0.8","0.0","20.9"
"Richie James Jr.","NYG","WR155","0.0","0.0","0.0","8.0","100.2","0.5","0.1","20.8"
"Dennis Houston","DAL","WR156","0.0","0.0","0.0","10.0","107.0","0.0","0.0","20.7"
"Ross Dwelley","SF","TE84","0.0","0.0","0.0","8.7","79.1","0.7","0.0","20.5"
"Stephen Anderson","ARI","TE85","0.0","0.0","0.0","8.1","84.1","0.7","0.0","20.5"
"Jeremy Sprinkle","DAL","TE86","0.0","0.0","0.0","8.1","78.9","0.7","0.0","20.1"
"Kene Nwangwu","MIN","RB112","21.5","87.1","0.6","4.1","26.0","0.1","0.1","19.9"
"Tory Carter","TEN","RB113","9.5","44.0","0.5","6.9","49.2","0.1","0.0","19.8"
"Tre' McKitty","LAC","TE87","0.0","0.0","0.0","8.4","80.6","0.5","0.0","19.6"
"Kevin Rader","PIT","TE88","0.0","0.0","0.0","8.6","69.4","0.7","0.0","19.5"
"Danny Gray","SF","WR157","0.0","0.0","0.0","7.8","90.6","0.5","0.1","19.5"
"Penny Hart","SEA","WR158","0.0","0.0","0.0","8.0","85.3","0.5","0.0","19.4"
"Samori Toure","GB","WR159","0.0","0.0","0.0","6.8","80.6","0.7","0.0","19.1"
"Juwann Winfree","GB","WR160","0.0","0.0","0.0","7.2","83.9","0.6","0.0","19.1"
"Jody Fortson","KC","WR161","0.0","0.0","0.0","7.0","76.4","0.7","0.0","19.0"
"Dazz Newsome","CHI","WR162","0.0","0.0","0.0","6.8","89.7","0.5","0.0","18.7"
"Snoop Conner","JAC","RB114","19.7","80.0","0.4","4.6","32.8","0.1","0.1","18.5"
"Chris Manhertz","JAC","TE89","0.0","0.0","0.0","6.5","69.5","0.9","0.0","18.5"
"Terry Godwin","TEN","WR163","0.0","0.0","0.0","6.9","85.7","0.5","0.0","18.5"
"Jeff Smith","NYJ","WR164","0.0","0.0","0.0","6.7","90.3","0.5","0.0","18.5"
"Kyren Williams","LAR","RB115","15.7","66.9","0.9","3.7","28.4","0.0","0.1","18.4"
"Darwin Thompson","SEA","RB116","0.0","75.6","0.6","3.8","28.8","0.2","0.1","18.3"
"Miles Boykin","PIT","WR165","0.0","0.0","0.0","6.6","85.8","0.5","0.0","18.2"
"Mike Boone","DEN","RB117","14.5","76.4","0.7","3.5","25.3","0.1","0.0","18.2"
"Sean McKeon","DAL","TE90","0.0","0.0","0.0","7.1","71.9","0.6","0.1","18.0"
"Ty Chandler","MIN","RB118","21.3","86.1","0.4","4.0","31.0","0.0","0.0","18.0"
"Johnny Mundt","MIN","TE91","0.0","0.0","0.0","6.9","70.5","0.7","0.0","18.0"
"JaMycal Hasty","SF","RB119","10.5","32.3","0.4","6.4","49.0","0.2","0.0","17.9"
"Kevin Harris","NE","RB120","20.3","86.4","0.6","3.0","24.3","0.0","0.0","17.9"
"Richard Rodgers","PHI","TE92","0.0","0.0","0.0","7.0","70.2","0.6","0.0","17.8"
"Isaiah Ford","IND","WR166","0.0","0.0","0.0","6.9","78.5","0.5","0.0","17.8"
"Kristian Wilkerson","NE","WR167","0.0","0.0","0.0","6.7","79.0","0.5","0.0","17.7"
"Khalil Shakir","BUF","WR168","0.7","4.0","0.0","6.6","78.2","0.5","0.0","17.7"
"Preston Williams","MIA","WR169","0.0","0.0","0.0","6.8","79.1","0.5","0.0","17.7"
"Brycen Hopkins","LAR","TE93","0.0","0.0","0.0","6.7","73.0","0.6","0.0","17.6"
"Adam Shaheen","HOU","TE94","0.0","0.0","0.0","7.5","73.8","0.5","0.0","17.6"
"Isaiah Likely","BAL","TE95","0.0","0.0","0.0","6.7","70.5","0.7","0.0","17.6"
"Jesper Horsted","LV","TE96","0.0","0.0","0.0","6.9","74.2","0.5","0.0","17.5"
"Chad Beebe","HOU","WR170","0.0","0.0","0.0","7.0","83.4","0.4","0.0","17.5"
"Nick Muse","MIN","TE97","0.0","0.0","0.0","6.9","70.6","0.6","0.0","17.5"
"Trey Quinn","DEN","WR171","0.0","0.0","0.0","6.0","95.5","0.3","0.0","17.5"
"MyCole Pruitt","ATL","TE98","0.0","0.0","0.0","7.2","69.5","0.5","0.0","17.2"
"Grant Calcaterra","PHI","TE99","0.0","0.0","0.0","6.6","66.6","0.7","0.0","17.2"
"Colby Parkinson","SEA","TE100","0.0","0.0","0.0","7.2","68.5","0.5","0.1","17.1"
"Kyle Philips","TEN","WR172","0.0","0.0","0.0","7.2","82.6","0.3","0.0","16.9"
"N'Keal Harry","CHI","WR173","0.0","0.0","0.0","6.2","82.7","0.4","0.0","16.9"
"Tyree Jackson","PHI","TE101","0.0","0.0","0.0","6.5","64.7","0.7","0.1","16.8"
"Josh Malone","TEN","WR174","0.0","0.0","0.0","6.3","73.0","0.5","0.0","16.7"
"Keith Smith","ATL","RB121","8.1","24.4","0.2","7.0","45.8","0.3","0.1","16.7"
"Marcus Johnson","SF","WR175","0.0","0.0","0.0","6.0","73.9","0.5","0.0","16.6"
"James Mitchell","DET","TE102","0.0","0.0","0.0","6.9","62.2","0.6","0.0","16.6"
"Jalen Reagor","PHI","WR176","3.1","17.1","0.1","5.7","61.6","0.4","0.1","16.4"
"Rico Dowdle","DAL","RB122","17.2","70.2","0.4","3.7","27.0","0.1","0.0","16.1"
"Tre'Quan Smith","NO","WR177","0.0","0.0","0.0","6.4","67.8","0.5","0.0","16.1"
"Jerome Ford","CLE","RB123","17.0","86.3","0.5","2.0","18.5","0.0","0.0","15.6"
"John FitzPatrick","ATL","TE103","0.0","0.0","0.0","6.4","59.2","0.6","0.0","15.6"
"Tajae Sharpe","CHI","WR178","0.0","0.0","0.0","5.9","71.4","0.4","0.0","15.5"
"Tyler Badie","BAL","RB124","18.5","90.1","0.4","2.3","17.7","0.0","0.0","15.5"
"Dezmon Patmon","IND","WR179","0.0","0.0","0.0","5.4","67.3","0.5","0.0","15.4"
"T.J. Vasher","DAL","WR180","0.0","0.0","0.0","5.6","64.9","0.6","0.0","15.4"
"Andrew Ogletree","IND","TE104","0.0","0.0","0.0","5.9","60.4","0.6","0.0","15.3"
"Deonte Harty","NO","WR181","1.3","11.0","0.0","4.7","63.7","0.5","0.0","15.3"
"Mike Strachan","IND","WR182","0.0","0.0","0.0","5.8","68.2","0.5","0.0","15.3"
"Eric Tomlinson","DEN","TE105","0.0","0.0","0.0","5.9","60.0","0.6","0.0","15.2"
"Derrick Gore","KC","RB125","6.2","24.9","0.1","6.3","44.7","0.2","0.0","14.7"
"Racey McMath","TEN","WR183","0.0","0.0","0.0","5.3","69.1","0.4","0.0","14.6"
"Andy Janovich","HOU","RB126","8.7","17.3","0.1","6.1","45.5","0.2","0.0","14.5"
"David Moore","CHI","WR184","0.0","0.0","0.0","5.5","69.1","0.4","0.0","14.5"
"Ben Ellefson","MIN","TE106","0.0","0.0","0.0","5.2","54.7","0.6","0.0","14.3"
"Keaontay Ingram","ARI","RB127","20.7","84.9","0.2","2.6","18.9","0.0","0.1","14.3"
"Qadree Ollison","ATL","RB128","12.7","56.8","0.3","3.8","25.9","0.1","0.1","14.3"
"DeAndre Carter","LAC","WR185","0.0","0.0","0.0","5.4","64.8","0.4","0.0","14.2"
"Jordan Wilkins","TEN","RB129","13.1","53.9","0.2","3.8","30.9","0.1","0.0","14.2"
"Darrynton Evans","CHI","RB130","12.2","54.3","0.3","3.9","27.5","0.1","0.1","14.1"
"Trenton Cannon","TEN","RB131","7.5","20.1","0.1","5.3","44.5","0.2","0.0","13.9"
"Javon Wims","CLE","WR186","0.0","0.0","0.0","5.9","59.6","0.3","0.0","13.9"
"Greg Ward","PHI","WR187","0.0","0.0","0.0","5.3","61.5","0.4","0.0","13.9"
"Auden Tate","ATL","WR188","0.0","0.0","0.0","4.9","66.5","0.4","0.0","13.8"
"Tommy Hudson","TEN","TE107","0.0","0.0","0.0","5.5","53.6","0.5","0.0","13.8"
"Ty'Son Williams","IND","RB132","13.3","64.1","0.4","2.5","20.5","0.1","0.0","13.8"
"Antony Auclair","HOU","TE108","0.0","0.0","0.0","6.0","57.5","0.4","0.1","13.7"
"Dwayne Washington","NO","RB133","12.7","38.2","0.3","4.0","33.2","0.2","0.0","13.7"
"Malcolm Brown","NO","RB134","12.8","52.3","0.4","3.0","23.4","0.1","0.1","13.6"
"Chigoziem Okonkwo","TEN","TE109","0.0","0.0","0.0","5.3","55.7","0.5","0.0","13.5"
"Kylin Hill","GB","RB135","8.7","34.5","0.1","5.1","37.7","0.1","0.0","13.4"
"Marquise Goodwin","SEA","WR189","0.0","0.0","0.0","4.8","67.1","0.3","0.0","13.3"
"Mohamed Sanu Sr.","MIA","WR190","0.0","0.0","0.0","5.8","54.1","0.4","0.0","13.2"
"Jake Funk","LAR","RB136","9.6","48.3","0.4","2.9","21.8","0.1","0.1","13.0"
"Cole Turner","WAS","TE110","0.0","0.0","0.0","5.2","53.6","0.4","0.0","13.0"
"Hunter Long","MIA","TE111","0.0","0.0","0.0","5.3","50.0","0.5","0.0","13.0"
"Tommy Sweeney","BUF","TE112","0.0","0.0","0.0","5.2","48.5","0.5","0.0","12.8"
"Trent Taylor","CIN","WR191","0.0","0.0","0.0","4.6","56.4","0.4","0.0","12.5"
"Tyron Johnson","LV","WR192","0.0","0.0","0.0","4.5","57.4","0.4","0.0","12.5"
"Andre Roberts","CAR","WR193","0.0","0.0","0.0","3.9","67.6","0.3","0.0","12.4"
"Mike Thomas","CIN","WR194","0.0","0.0","0.0","4.9","56.4","0.3","0.0","12.4"
"Corey Clement","BAL","RB137","7.7","31.1","0.2","4.0","31.9","0.2","0.0","12.3"
"Larry Rountree III","LAC","RB138","15.2","61.7","0.4","1.9","14.9","0.1","0.1","12.3"
"Mack Hollins","LV","WR195","0.0","0.0","0.0","4.0","59.0","0.4","0.0","12.3"
"Jack Stoll","PHI","TE113","0.0","0.0","0.0","5.4","58.6","0.1","0.0","11.9"
"KhaDarel Hodge","ATL","WR196","0.0","0.0","0.0","4.6","56.0","0.3","0.0","11.6"
"Tyrie Cleveland","DEN","WR197","0.0","0.0","0.0","4.3","50.7","0.4","0.0","11.6"
"Juwan Johnson","NO","TE114","0.0","0.0","0.0","3.7","40.3","0.6","0.0","11.5"
"Alec Ingold","MIA","RB139","4.3","17.4","0.2","4.4","31.1","0.2","0.1","11.4"
"Devin Asiasi","NE","TE115","0.0","0.0","0.0","3.9","51.9","0.4","0.0","11.4"
"Seth Williams","DEN","WR198","0.0","0.0","0.0","4.1","50.7","0.3","0.0","11.2"
"Cyril Grayson Jr.","TB","WR199","0.0","0.0","0.0","3.9","47.3","0.4","0.0","10.9"
"Stanley Morgan Jr.","CIN","WR200","0.0","0.0","0.0","4.5","50.6","0.2","0.0","10.9"
"Nsimba Webster","CHI","WR201","0.0","0.0","0.0","3.0","64.2","0.3","0.0","10.9"
"Devine Ozigbo","NO","RB140","4.8","19.2","0.2","3.8","31.1","0.2","0.0","10.9"
"Jason Cabinda","DET","LB1","3.3","10.7","0.1","4.8","31.9","0.2","0.0","10.8"
"Giovanni Ricci","CAR","TE116","4.5","18.2","0.1","4.1","31.2","0.2","0.0","10.8"
"Mekhi Sargent","JAC","RB141","2.2","38.8","0.3","3.0","18.7","0.1","0.1","10.8"
"Alex Armah Jr.","WAS","RB142","4.8","19.0","0.2","3.9","27.8","0.2","0.0","10.6"
"Malik Turner","SF","WR202","0.0","0.0","0.0","3.4","51.9","0.3","0.0","10.6"
"Ty Johnson","NYJ","RB143","5.3","22.3","0.1","3.8","29.6","0.2","0.1","10.5"
"Parker Hesse","ATL","TE117","0.0","0.0","0.0","4.5","43.8","0.3","0.0","10.5"
"Isiah Pacheco","KC","RB144","10.1","41.3","0.3","2.3","15.5","0.1","0.1","10.4"
"Dominique Dafney","GB","TE118","0.0","0.0","0.0","4.1","41.1","0.4","0.0","10.4"
"Bisi Johnson","MIN","WR203","0.0","0.0","0.0","4.5","42.7","0.3","0.0","10.4"
"Kendall Hinton","DEN","WR204","0.0","0.0","0.0","3.8","45.9","0.3","0.0","10.4"
"Nick Bowers","LV","TE119","0.0","0.0","0.0","4.0","42.2","0.4","0.0","10.3"
"Trestan Ebner","CHI","RB145","7.8","32.7","0.3","2.9","20.9","0.1","0.1","10.3"
"La'Mical Perine","NYJ","RB146","4.3","17.2","0.2","3.9","26.9","0.2","0.0","10.3"
"Jace Sternberger","PIT","TE120","0.0","0.0","0.0","4.2","40.4","0.3","0.0","10.2"
"Eric Saubert","DEN","TE121","0.0","0.0","0.0","4.1","39.2","0.4","0.0","10.1"
"Jake Kumerow","BUF","WR205","0.0","0.0","0.0","3.6","43.9","0.3","0.0","10.0"
"Jaelon Darden","TB","WR206","0.0","0.0","0.0","3.4","48.1","0.3","0.0","10.0"
"Hunter Kampmoyer","LAC","TE122","0.0","0.0","0.0","3.8","39.6","0.4","0.0","10.0"
"Chris Herndon IV","NO","TE123","0.0","0.0","0.0","3.5","43.3","0.4","0.0","10.0"
"Malik Taylor","GB","WR207","0.0","0.0","0.0","3.6","43.2","0.3","0.0","9.9"
"Jakob Johnson","LV","RB147","4.0","9.4","0.1","4.4","26.9","0.2","0.0","9.9"
"Greg Dortch","ARI","WR208","0.0","0.0","0.0","3.7","43.9","0.3","0.0","9.9"
"Khari Blasingame","CHI","RB148","2.4","9.9","0.1","4.1","30.4","0.2","0.0","9.9"
"Teagan Quitoriano","HOU","TE124","0.0","0.0","0.0","4.1","41.9","0.3","0.0","9.8"
"Ryquell Armstead","JAC","RB149","5.9","24.6","0.2","3.0","24.1","0.1","0.0","9.8"
"Derek Watt","PIT","RB150","2.2","10.0","0.1","4.3","28.2","0.2","0.0","9.7"
"Reggie Gilliam","BUF","RB151","0.0","0.0","0.0","4.3","35.7","0.3","0.0","9.7"
"Marquez Stevenson","BUF","WR209","0.0","0.0","0.0","3.6","40.7","0.3","0.0","9.6"
"Jared Pinkney","LAR","TE125","0.0","0.0","0.0","3.8","39.2","0.3","0.0","9.5"
"Jacob Hollister","LV","TE126","0.0","0.0","0.0","4.0","35.3","0.3","0.0","9.5"
"Garrett Griffin","DET","TE127","0.0","0.0","0.0","3.8","39.2","0.3","0.0","9.5"
"Trenton Irwin","CIN","WR210","0.0","0.0","0.0","3.5","39.8","0.3","0.0","9.4"
"Lil'Jordan Humphrey","NE","WR211","0.0","0.0","0.0","3.4","42.9","0.3","0.0","9.2"
"Jalen Nailor","MIN","WR212","0.0","0.0","0.0","3.4","39.9","0.3","0.0","9.2"
"Johnny Stanton IV","CLE","RB152","2.2","9.4","0.1","3.8","27.5","0.2","0.0","9.2"
"Jeremy Ruckert","NYJ","TE128","0.0","0.0","0.0","3.7","37.1","0.3","0.0","9.1"
"Michael Burton","KC","RB153","5.8","25.1","0.3","2.6","14.5","0.2","0.0","9.0"
"Steven Sims Jr.","PIT","WR213","0.0","0.0","0.0","3.7","38.8","0.2","0.0","8.9"
"C.J. Board","NYG","WR214","0.0","0.0","0.0","2.7","47.0","0.2","0.0","8.9"
"Charlie Woerner","SF","TE129","0.0","0.0","0.0","3.5","31.6","0.4","0.0","8.8"
"Nick Bawden","NYJ","RB154","0.0","0.0","0.0","4.3","31.6","0.2","0.0","8.7"
"Shi Smith","CAR","WR215","0.0","0.0","0.0","3.3","40.7","0.2","0.0","8.6"
"Miller Forristall","CLE","TE130","0.0","0.0","0.0","3.4","35.2","0.3","0.1","8.6"
"Tyler Mabry","SEA","TE131","0.0","0.0","0.0","3.6","36.5","0.2","0.0","8.6"
"Keelan Doss","NYG","WR216","0.0","0.0","0.0","3.6","39.8","0.2","0.0","8.6"
"Dax Milne","WAS","WR217","0.0","0.0","0.0","3.3","38.6","0.2","0.0","8.5"
"Collin Johnson","NYG","WR218","0.0","0.0","0.0","3.5","39.6","0.2","0.0","8.5"
"David Sills V","NYG","WR219","0.0","0.0","0.0","3.5","38.9","0.2","0.0","8.4"
"Devin Funchess","DET","WR220","0.0","0.0","0.0","3.0","39.0","0.2","0.0","8.3"
"Nakia Griffin-Stewart","CLE","TE132","0.0","0.0","0.0","3.3","33.2","0.3","0.0","8.2"
"Dante Pettis","CHI","WR221","0.0","0.0","0.0","2.9","40.9","0.2","0.0","8.1"
"KeeSean Johnson","SF","WR222","0.0","0.0","0.0","3.0","31.0","0.3","0.0","8.1"
"Denzel Mims","NYJ","WR223","0.0","0.0","0.0","3.0","37.9","0.2","0.0","8.1"
"J.J. Arcega-Whiteside","PHI","WR224","0.0","0.0","0.0","3.0","35.7","0.2","0.0","8.0"
"Isaiah Coulter","CHI","WR225","0.0","0.0","0.0","3.0","38.9","0.2","0.0","7.9"
"Mataeo Durant","PIT","RB155","7.4","30.5","0.2","2.1","14.0","0.1","0.0","7.8"
"Cameron Batson","ATL","WR226","0.0","0.0","0.0","3.2","35.2","0.2","0.0","7.8"
"Cody Thompson","SEA","WR227","0.0","0.0","0.0","3.2","34.9","0.2","0.0","7.7"
"Jason Moore Jr.","LAC","WR228","0.0","0.0","0.0","2.8","34.2","0.3","0.0","7.7"
"Geronimo Allison","ATL","WR229","0.0","0.0","0.0","3.1","35.3","0.2","0.0","7.7"
"Patrick Taylor Jr.","GB","RB156","5.3","22.5","0.2","2.1","15.3","0.1","0.1","7.4"
"Matthew Slater","NE","WR230","0.0","0.0","0.0","0.6","59.5","0.1","0.0","7.4"
"Deon Jackson","IND","RB157","8.7","37.4","0.3","1.0","6.9","0.0","0.1","7.3"
"Scotty Miller","TB","WR231","0.0","0.0","0.0","2.5","32.3","0.2","0.0","7.0"
"Adam Prentice","NO","RB158","4.4","18.7","0.1","2.0","14.7","0.1","0.0","6.9"
"Trayveon Williams","CIN","RB159","2.9","11.9","0.1","2.8","19.4","0.1","0.0","6.9"
"Andy Isabella","ARI","WR232","0.0","0.0","0.0","2.0","34.2","0.2","0.0","6.5"
"Trinity Benson","DET","WR233","0.0","0.0","0.0","2.5","30.9","0.1","0.0","6.5"
"Bo Melton","SEA","WR234","0.0","0.0","0.0","2.8","32.3","0.1","0.0","6.3"
"Travis Fulgham","DEN","WR235","0.0","0.0","0.0","2.1","28.6","0.2","0.0","6.2"
"Easop Winston Jr.","NO","WR236","0.0","0.0","0.0","1.6","36.3","0.1","0.0","6.1"
"Antonio Williams","NYG","RB160","5.0","21.5","0.2","1.4","10.0","0.1","0.1","5.8"
"Godwin Igwebuike","DET","RB161","2.3","9.1","0.1","2.0","15.2","0.1","0.0","5.5"
"Brandon Powell","LAR","WR237","0.0","0.0","0.0","1.7","29.1","0.2","0.0","5.4"
"Joe Reed","LAC","WR238","0.0","0.0","0.0","1.4","28.4","0.1","0.0","4.8"
"Mitchell Wilcox","CIN","TE133","0.0","0.0","0.0","1.8","18.4","0.2","0.0","4.6"
"Stephen Sullivan","CAR","TE134","0.0","0.0","0.0","1.8","18.9","0.1","0.0","4.4"
"Daurice Fountain","KC","WR239","0.0","0.0","0.0","1.4","22.6","0.1","0.0","4.4"
"Tre Nixon","NE","WR240","0.0","0.0","0.0","1.7","19.2","0.1","0.0","4.4"
"Josh Gordon","KC","WR241","0.0","0.0","0.0","1.3","19.6","0.1","0.0","4.1"
"Jason Huntley","PHI","RB162","2.9","12.6","0.1","1.1","7.9","0.1","0.1","4.0"
"Jake Bargas","MIN","TE135","0.0","2.7","0.1","2.2","4.9","0.1","0.0","4.0"
"Gabe Nabers","LAC","RB163","4.4","14.1","0.1","1.1","3.0","0.1","0.0","3.9"
"Frank Darby","ATL","WR242","0.0","0.0","0.0","1.6","18.0","0.1","0.0","3.9"
"Jaylen Warren","PIT","RB164","9.0","34.0","0.0","0.0","0.0","0.0","0.0","3.4"
"Justin Watson","KC","WR243","0.0","0.0","0.0","0.9","10.3","0.1","0.0","2.5"
"Sammis Reyes","WAS","TE136","0.0","0.0","0.0","0.9","8.9","0.1","0.0","2.2"
"Josh Hokit","SF","RB165","0.0","2.2","0.0","0.9","5.3","0.0","0.0","2.0"
"Gunner Olszewski","PIT","WR244","0.0","0.0","0.0","0.8","9.3","0.0","0.0","2.0"
"Alex Erickson","WAS","WR245","0.0","0.0","0.0","0.2","4.1","0.0","0.0","0.7"
"John Kelly Jr.","CLE","RB166","0.0","0.0","0.0","0.0","0.0","0.0","0.0","0.0"
"Tanner Gentry","BUF","WR246","0.0","0.0","0.0","0.0","0.0","0.0","0.0","0.0"
"Nate McCrary","BAL","RB167","0.0","0.0","0.0","0.0","0.0","0.0","0.0","0.0"
"Corey Coleman","KC","WR247","0.0","0.0","0.0","0.0","0.0","0.0","0.0","0.0"
"Lawrence Cager","NYJ","WR248","0.0","0.0","0.0","0.0","0.0","0.0","0.0","0.0"
"Taiwan Jones","BUF","RB168","0.0","0.0","0.0","0.0","0.0","0.0","0.0","0.0"
"Rico Gafford","GB","CB1","0.0","0.0","0.0","0.0","0.0","0.0","0.0","0.0"
"Spencer Brown","BUF","OT1","0.0","0.0","0.0","0.0","0.0","0.0","0.0","0.0"
"Dan Chisena","MIN","WR249","0.0","0.0","0.0","0.0","0.0","0.0","0.0","0.0"
"J.P. Holtz","NO","TE137","0.0","0.0","0.0","0.0","0.0","0.0","0.0","0.0"
"Colin Thompson","CAR","TE138","0.0","0.0","0.0","0.0","0.0","0.0","0.0","0.0"
"John Hightower","PHI","WR250","0.0","0.0","0.0","0.0","0.0","0.0","0.0","0.0"
"Slade Bolden","BAL","WR251","0.0","0.0","0.0","0.0","0.0","0.0","0.0","0.0"
"Deon Yelder","ARI","TE139","0.0","0.0","0.0","0.0","0.0","0.0","0.0","0.0"
"Chris Myarick","NYG","TE140","0.0","0.0","0.0","0.0","0.0","0.0","0.0","0.0"
"Darius Bradwell","CAR","RB169","0.0","0.0","0.0","0.0","0.0","0.0","0.0","0.0"
"Jonathan Williams","WAS","RB170","0.0","0.0","0.0","0.0","0.0","0.0","0.0","0.0"
"Willie Snead IV","SF","WR252","0.0","0.0","0.0","0.0","0.0","0.0","0.0","0.0"
"Kelvin Harmon","WAS","WR253","0.0","0.0","0.0","0.0","0.0","0.0","0.0","0.0"
"Malik Davis","DAL","RB171","0.0","0.0","0.0","0.0","0.0","0.0","0.0","0.0"
"Jordan Franks","KC","TE141","0.0","0.0","0.0","0.0","0.0","0.0","0.0","0.0"
"Trevon Wesco","NYJ","TE142","0.0","0.0","0.0","0.0","0.0","0.0","0.0","0.0"
"Kenjon Barner","TB","RB172","0.0","0.0","0.0","0.0","0.0","0.0","0.0","0.0"
"Tavon Austin","BUF","WR254","0.0","0.0","0.0","0.0","0.0","0.0","0.0","0.0"
"Gerrid Doaks","MIA","RB173","0.0","0.0","0.0","0.0","0.0","0.0","0.0","0.0"
"John Lovett","MIA","QB2","0.0","0.0","0.0","0.0","0.0","0.0","0.0","0.0"
"Austin Mack","SF","WR255","0.0","0.0","0.0","0.0","0.0","0.0","0.0","0.0"
"Deon Cain","PHI","WR256","0.0","0.0","0.0","0.0","0.0","0.0","0.0","0.0"
"Noah Togiai","PHI","TE143","0.0","0.0","0.0","0.0","0.0","0.0","0.0","0.0"
"Troy Fumagalli","SF","TE144","0.0","0.0","0.0","0.0","0.0","0.0","0.0","0.0"
"River Cracraft","MIA","WR257","0.0","0.0","0.0","0.0","0.0","0.0","0.0","0.0"
"Vyncint Smith","TB","WR258","0.0","0.0","0.0","0.0","0.0","0.0","0.0","0.0"
"Isaiah Zuber","LV","WR259","0.0","0.0","0.0","0.0","0.0","0.0","0.0","0.0"
"Kevin White","NO","WR260","0.0","0.0","0.0","0.0","0.0","0.0","0.0","0.0"
"Tom Kennedy","DET","WR261","0.0","0.0","0.0","0.0","0.0","0.0","0.0","0.0"
"Tanner Hudson","SF","TE145","0.0","0.0","0.0","0.0","0.0","0.0","0.0","0.0"
"Robert Foster","NYG","WR262","0.0","0.0","0.0","0.0","0.0","0.0","0.0","0.0"
"Salvon Ahmed","MIA","RB174","0.0","0.0","0.0","0.0","0.0","0.0","0.0","0.0"
"Cethan Carter","MIA","TE146","0.0","0.0","0.0","0.0","0.0","0.0","0.0","0.0"
""
""